{"neurons": [[1, 1, 1], [1, 1, 2], [1, 2, 1], [1, 2, 2], [2, 1, 1], [2, 1, 2], [2, 2, 1], [2, 2, 2], [3, 1, 1], [3, 1, 2], [3, 2, 1], [3, 2, 2], [1, 1, 1, 1], [1, 1, 1, 2]], "results": [0.44255319237709045, 0.4893617033958435, 0.4893617033958435, 0.4893617033958435, 0.4893617033958435, 0.4893617033958435, 0.4893617033958435, 0.43404255509376527, 0.4893617033958435, 0.4595744669437408, 0.4468085110187531, 0.41276595592498777, 0.5489361643791199, 0.5914893507957458]}